City_ID,City,Country,Lat,Lng,Max Temp,Humidity,Cloudiness,Wind Speed,Current Description
0,Zhigansk,RU,66.7697,123.3711,-48.87,99,76,3.36,broken clouds
1,Sucua,EC,-2.4667,-78.1667,86.74,45,20,5.75,light rain
2,Ushuaia,AR,-54.8,-68.3,58.66,47,75,14.97,broken clouds
3,Castro,BR,-24.7911,-50.0119,72.66,59,85,7.67,overcast clouds
4,Saint-Philippe,RE,-21.3585,55.7679,78.35,87,88,12.93,overcast clouds
5,Shache,CN,38.4167,77.2406,27.43,50,69,3.69,broken clouds
6,Albany,US,42.6001,-73.9662,33.46,58,45,1.01,scattered clouds
7,Carnarvon,AU,-24.8667,113.6333,71.67,83,75,18.41,broken clouds
8,Hermanus,ZA,-34.4187,19.2345,65.8,85,100,13.2,overcast clouds
9,Kodiak,US,57.79,-152.4072,33.31,75,20,0.0,few clouds
10,Kapaa,US,22.0752,-159.319,75.18,76,62,3.0,light rain
11,Rikitea,PF,-23.1203,-134.9692,77.16,77,96,9.13,overcast clouds
12,Pacocha,PE,-17.5833,-71.3333,68.88,71,73,6.89,broken clouds
13,Pemba,MZ,-12.974,40.5178,79.5,88,20,7.0,few clouds
14,Beringovskiy,RU,63.05,179.3167,15.19,93,100,24.7,light snow
15,Atuona,PF,-9.8,-139.0333,78.73,78,24,21.25,few clouds
16,Hasaki,JP,35.7333,140.8333,28.8,48,70,12.71,broken clouds
17,Yeppoon,AU,-23.1333,150.7333,82.18,64,34,5.19,scattered clouds
18,Severo-Kurilsk,RU,50.6789,156.125,27.64,87,88,23.91,light snow
19,Baruun-Urt,MN,46.6806,113.2792,-6.38,88,3,5.19,clear sky
20,Faanui,PF,-16.4833,-151.75,82.29,68,70,15.32,broken clouds
21,Qaanaaq,GL,77.484,-69.3632,23.85,58,41,9.48,scattered clouds
22,Torbay,CA,47.6666,-52.7314,25.57,84,75,3.44,broken clouds
23,Jimeta,NG,9.2833,12.4667,77.18,24,2,2.71,clear sky
24,Saskylakh,RU,71.9167,114.0833,-29.58,100,38,4.52,scattered clouds
25,Mataura,NZ,-46.1927,168.8643,57.47,43,22,9.84,few clouds
26,Encheng,CN,22.1839,112.3026,67.96,60,100,3.22,overcast clouds
27,Klaksvik,FO,62.2266,-6.589,31.12,65,99,18.63,overcast clouds
28,Yulara,AU,-25.2406,130.9889,73.24,64,44,6.91,scattered clouds
29,Linxia,CN,35.6003,103.2064,26.6,33,93,3.02,overcast clouds
30,Bluff,NZ,-46.6,168.3333,57.79,71,10,25.93,clear sky
31,Kulhudhuffushi,MV,6.6221,73.07,80.08,71,33,8.23,scattered clouds
32,Moranbah,AU,-22.0016,148.0466,81.21,40,0,5.1,clear sky
33,Barrow,US,71.2906,-156.7887,-15.43,98,99,13.35,overcast clouds
34,Vaini,TO,-21.2,-175.2,84.36,89,20,10.36,few clouds
35,Ambon,ID,-3.6954,128.1814,77.14,88,40,3.44,scattered clouds
36,Takestan,IR,36.0696,49.6959,37.06,59,7,2.37,clear sky
37,Hithadhoo,MV,-0.6,73.0833,81.41,74,85,5.1,overcast clouds
38,Nikolskoye,RU,59.7035,30.7861,6.69,98,48,4.72,scattered clouds
39,Avarua,CK,-21.2078,-159.775,78.85,78,40,10.36,light rain
40,Harper,LR,4.375,-7.7169,80.64,79,28,7.02,scattered clouds
41,Jamestown,US,42.097,-79.2353,27.52,83,90,8.01,light snow
42,Muyezerskiy,RU,63.9333,31.65,12.2,92,100,12.53,overcast clouds
43,Tuktoyaktuk,CA,69.4541,-133.0374,-4.0,77,90,21.85,light snow
44,Busselton,AU,-33.65,115.3333,56.08,82,66,9.08,broken clouds
45,Eyl,SO,7.9803,49.8164,75.9,77,86,16.84,overcast clouds
46,Kavieng,PG,-2.5744,150.7967,82.96,76,88,4.83,light rain
47,Winneba,GH,5.3511,-0.6231,82.87,69,79,4.76,broken clouds
48,Tabou,CI,4.423,-7.3528,80.53,78,26,6.17,scattered clouds
49,Xuddur,SO,4.1213,43.8894,74.07,68,88,14.72,overcast clouds
50,Mabaruma,GY,8.2,-59.7833,74.53,97,100,6.67,overcast clouds
51,Spearfish,US,44.4908,-103.8594,56.28,18,1,5.99,clear sky
52,Spornoye,RU,50.8448,37.2913,3.22,95,68,8.48,broken clouds
53,Hilo,US,19.7297,-155.09,72.28,52,90,5.75,light rain
54,Bengkulu,ID,-3.8004,102.2655,74.64,90,72,5.55,broken clouds
55,Bredasdorp,ZA,-34.5322,20.0403,65.52,82,95,10.36,light rain
56,Ambalavao,MG,-21.8333,46.9333,67.55,79,53,4.7,broken clouds
57,Talnakh,RU,69.4865,88.3972,7.21,96,100,14.0,light snow
58,Lata,PT,40.1629,-8.3327,59.41,81,100,6.82,overcast clouds
59,Saint-Pierre,RE,-21.3393,55.4781,78.44,87,0,4.61,clear sky
60,Gejiu,CN,23.306,103.1635,39.76,96,38,3.44,scattered clouds
61,Shahumyan,AM,39.9385,44.5697,21.52,51,28,1.21,scattered clouds
62,Airai,TL,-8.9266,125.4092,61.21,89,100,1.9,overcast clouds
63,Tautira,PF,-17.7333,-149.15,87.82,75,94,14.94,light rain
64,Coahuayana,MX,18.7333,-103.6833,85.26,49,0,5.84,clear sky
65,Upernavik,GL,72.7868,-56.1549,24.64,64,100,4.94,overcast clouds
66,Malakal,SS,9.5334,31.6605,80.76,29,38,9.37,scattered clouds
67,Butaritari,KI,3.0707,172.7902,81.05,74,82,5.68,broken clouds
68,Cayenne,GF,4.9333,-52.3333,77.04,92,75,0.0,light rain
69,Lamar,US,33.6668,-95.5836,65.52,58,0,8.34,clear sky
70,Chimbarongo,CL,-34.7,-71.05,86.38,23,3,12.03,clear sky
71,Turayf,SA,31.6725,38.6637,44.85,87,40,8.05,scattered clouds
72,Kedainiai,LT,55.2883,23.9747,7.27,94,8,4.47,clear sky
73,Sistranda,NO,63.7256,8.834,30.9,72,90,2.44,overcast clouds
74,Labrea,BR,-7.2586,-64.7981,74.8,99,100,1.57,overcast clouds
75,Victoria,HK,22.2855,114.1577,67.32,88,100,5.99,overcast clouds
76,Douentza,ML,14.9951,-2.9517,73.33,12,100,4.12,overcast clouds
77,Georgetown,MY,5.4112,100.3354,78.89,92,20,1.99,few clouds
78,Tambovka,RU,50.0969,128.0489,-29.09,100,52,4.5,broken clouds
79,Sesheke,ZM,-17.4759,24.2968,70.77,76,99,3.85,overcast clouds
80,Vangaindrano,MG,-23.35,47.6,74.59,95,55,6.26,broken clouds
81,Thompson,CA,55.7435,-97.8558,-18.24,69,40,2.3,scattered clouds
82,Teya,RU,60.3778,92.6267,-16.29,96,23,2.93,few clouds
83,Katsuura,JP,35.1333,140.3,45.19,53,100,11.88,overcast clouds
84,Huarmey,PE,-10.0681,-78.1522,72.09,76,16,8.61,few clouds
85,Chuy,UY,-33.6971,-53.4616,70.07,69,0,9.15,clear sky
86,Mayo,US,38.8876,-76.5119,46.17,43,2,14.0,clear sky
87,Tiksi,RU,71.6872,128.8694,-12.64,98,100,6.6,overcast clouds
88,Pevek,RU,69.7008,170.3133,-16.67,99,100,2.37,overcast clouds
89,Mitu,CO,1.1983,-70.1733,78.37,94,61,2.3,broken clouds
90,Bayburt,TR,40.2589,40.2278,11.68,78,60,1.39,broken clouds
91,Mzimba,MW,-11.9,33.6,68.29,69,100,3.8,overcast clouds
92,Sarkand,KZ,45.41,79.9186,36.54,71,100,7.31,overcast clouds
93,Iqaluit,CA,63.7506,-68.5145,-6.95,94,68,3.33,broken clouds
94,Kruisfontein,ZA,-34.0033,24.7314,62.89,93,85,4.47,light rain
95,Itarema,BR,-2.9248,-39.9167,81.54,73,68,14.81,broken clouds
96,Hobart,AU,-42.8794,147.3294,59.02,58,75,1.01,light rain
97,Kati,ML,12.7441,-8.0726,80.01,15,95,5.1,overcast clouds
98,Ichinoseki,JP,38.9167,141.1333,32.29,69,46,7.61,scattered clouds
99,Inirida,CO,3.8653,-67.9239,78.8,92,93,3.04,overcast clouds
100,Omsukchan,RU,62.5333,155.8,-20.78,97,100,6.44,overcast clouds
101,Dejen,ET,10.1667,38.1333,56.43,46,57,4.0,broken clouds
102,Kaputa,ZM,-8.4689,29.6619,69.6,90,100,4.45,light rain
103,Mubi,NG,10.2676,13.2644,69.3,29,2,4.74,clear sky
104,Sola,VU,-13.8833,167.55,81.27,89,75,0.0,broken clouds
105,Coquimbo,CL,-29.9533,-71.3436,65.93,72,0,12.66,clear sky
106,Chokurdakh,RU,70.6333,147.9167,-24.11,98,100,6.78,overcast clouds
107,Vaitape,PF,-16.5167,-151.75,82.29,68,68,15.26,broken clouds
108,Cotonou,BJ,6.3654,2.4183,84.18,58,20,5.75,dust
109,Bertoua,CM,4.5833,13.6833,74.26,40,8,3.76,clear sky
110,Helong,CN,42.5397,128.9972,9.59,85,92,1.41,overcast clouds
111,Togur,RU,58.3631,82.8265,8.01,91,31,11.9,scattered clouds
112,Palembang,ID,-2.9167,104.7458,75.11,95,99,0.54,light rain
113,Dalaba,GN,10.7,-12.25,66.13,25,97,4.38,overcast clouds
114,Jiuquan,CN,39.7432,98.5174,23.54,33,0,2.71,clear sky
115,Mahebourg,MU,-20.4081,57.7,79.25,94,75,10.36,light rain
116,Chardara,KZ,41.2547,67.9692,50.38,57,88,6.85,overcast clouds
117,Aklavik,CA,68.2191,-135.0107,-6.88,77,20,5.75,few clouds
118,Kavaratti,IN,10.5669,72.642,78.87,60,45,2.46,scattered clouds
119,Sulangan,PH,11.1373,123.7228,80.49,76,100,9.33,overcast clouds
120,Gamba,GA,-2.65,10.0,78.3,90,100,4.34,light rain
121,Alegrete,BR,-29.7831,-55.7919,89.38,23,100,16.37,overcast clouds
122,Bowen,AU,-20.0167,148.2333,75.42,61,0,5.44,clear sky
123,Biak,ID,-0.9131,122.8766,76.12,78,88,4.43,overcast clouds
124,Hamilton,US,39.1834,-84.5333,36.41,48,0,3.0,clear sky
125,Isangel,VU,-19.55,169.2667,84.31,84,40,0.0,scattered clouds
126,Atar,MR,20.5169,-13.0499,71.31,24,0,7.72,clear sky
127,Njeru,UG,0.4186,33.1731,65.93,88,81,1.28,broken clouds
128,Neuquen,AR,-38.9516,-68.0591,91.29,16,0,8.05,clear sky
129,Cabedelo,BR,-6.9811,-34.8339,83.07,78,71,12.5,broken clouds
130,Kismayo,SO,-0.3582,42.5454,79.92,83,97,10.0,overcast clouds
131,Luderitz,NA,-26.6481,15.1594,62.58,85,0,5.97,clear sky
132,Pisco,PE,-13.7,-76.2167,73.45,68,0,19.57,clear sky
133,Lavrentiya,RU,65.5833,-171.0,-2.76,92,100,18.9,snow
134,Carlisle,US,40.2015,-77.1889,37.62,47,11,5.99,few clouds
135,Cidreira,BR,-30.1811,-50.2056,71.37,72,2,14.45,clear sky
136,Tieli,CN,46.95,128.05,-33.48,100,13,1.92,few clouds
137,Mujiayingzi,CN,42.1167,118.7833,14.59,51,100,4.0,overcast clouds
138,Hornepayne,CA,49.2138,-84.7705,-1.79,94,89,2.53,overcast clouds
139,Sitka,US,57.0531,-135.33,28.02,66,20,7.18,few clouds
140,Lorengau,PG,-2.0226,147.2712,83.28,77,97,5.86,overcast clouds
141,Brae,GB,60.3964,-1.353,40.91,88,100,16.26,overcast clouds
142,Itacarambi,BR,-15.1022,-44.0919,73.44,93,47,2.71,scattered clouds
143,Narsaq,GL,60.9167,-46.05,37.51,53,100,20.09,overcast clouds
144,Dikson,RU,73.5069,80.5464,-1.98,83,96,15.75,overcast clouds
145,Ixtapa,MX,20.7,-105.2,85.03,38,0,6.22,clear sky
146,Lebu,CL,-37.6167,-73.65,60.89,79,1,12.73,clear sky
147,Hualmay,PE,-11.0964,-77.6139,71.69,75,23,8.52,few clouds
148,Souillac,MU,-20.5167,57.5167,79.36,88,84,10.13,broken clouds
149,Sarankhola,BD,22.3082,89.7897,58.53,69,0,3.71,clear sky
150,Pokhara,NP,28.2333,83.9833,49.78,28,4,5.91,clear sky
151,Siva,EG,29.2041,25.5195,53.47,43,98,5.06,overcast clouds
152,Rocha,UY,-34.4833,-54.3333,70.16,65,0,7.74,clear sky
153,Salalah,OM,17.0151,54.0924,71.89,48,0,3.69,clear sky
154,Adrar,MR,20.5022,-10.0711,68.5,27,97,9.93,overcast clouds
155,Portland,US,45.5234,-122.6762,50.61,93,100,3.0,light rain
156,Maxixe,MZ,-23.8597,35.3472,75.88,76,93,10.31,overcast clouds
157,Kahului,US,20.8947,-156.47,72.97,88,89,16.24,overcast clouds
158,Brive-La-Gaillarde,FR,45.25,1.5,43.29,23,100,2.89,overcast clouds
159,Bethel,US,41.3712,-73.414,42.04,62,10,3.0,clear sky
160,Oussouye,SN,12.485,-16.5469,80.6,20,96,8.39,overcast clouds
161,Bangassou,CF,4.7413,22.8184,73.69,45,100,3.0,overcast clouds
162,Havre-Saint-Pierre,CA,50.2334,-63.5986,12.56,79,90,20.71,light snow
163,Longyearbyen,SJ,78.2186,15.6401,8.44,61,40,17.27,scattered clouds
164,Sigli,ID,5.3848,95.9609,76.53,82,85,3.24,overcast clouds
165,Wismar,DE,53.9,11.4667,28.09,96,97,5.01,overcast clouds
166,Payakumbuh,ID,-0.2202,100.6308,69.78,98,100,2.84,overcast clouds
167,Birao,CF,10.2849,22.7882,71.04,24,78,6.64,broken clouds
168,Shenjiamen,CN,29.9576,122.298,54.54,65,80,8.68,broken clouds
169,Fortuna,US,40.5982,-124.1573,58.66,82,20,5.01,light rain
170,Loviisa,FI,60.4566,26.2251,12.94,88,60,9.57,broken clouds
171,Pokrovka,KG,42.3414,78.0056,26.71,62,84,6.78,broken clouds
172,Khani,GE,41.9563,42.9566,24.37,97,99,1.5,light snow
173,Salamiyah,SY,35.0113,37.0532,46.76,76,83,4.83,broken clouds
174,Robertsport,LR,6.7533,-11.3686,81.93,79,100,8.52,overcast clouds
175,Bacolod,PH,10.6667,122.95,74.98,85,95,5.95,overcast clouds
176,Yellowknife,CA,62.456,-114.3525,-23.28,76,75,2.3,mist
177,Teguldet,RU,57.3064,88.1667,4.44,88,22,11.39,few clouds
178,Sabha,LY,27.0377,14.4283,51.31,30,100,1.63,overcast clouds
179,Dwarka,IN,22.2394,68.9678,71.35,79,83,6.42,broken clouds
180,Hofn,IS,64.2539,-15.2082,30.36,69,16,17.34,few clouds
181,Dingle,PH,10.9995,122.6711,73.38,94,99,5.95,overcast clouds
182,Batagay-Alyta,RU,67.8006,130.4114,-24.59,89,98,3.6,overcast clouds
183,Vanavara,RU,60.34,102.2797,-35.21,100,26,1.83,scattered clouds
184,Nuuk,GL,64.1835,-51.7216,36.21,80,90,6.91,overcast clouds
185,Buraydah,SA,26.326,43.975,57.31,22,97,6.49,overcast clouds
186,Lagoa,PT,39.05,-27.9833,59.76,71,78,33.8,broken clouds
187,Ilulissat,GL,69.2167,-51.1,37.42,41,45,25.32,scattered clouds
188,Palmas,BR,-10.2128,-48.3603,82.27,83,75,6.91,thunderstorm
189,Tambura,SS,5.6,27.4667,76.14,38,96,4.43,overcast clouds
190,Northam,GB,51.0333,-4.2167,49.01,93,100,12.71,overcast clouds
191,Mbini,GQ,1.574,9.6134,80.71,84,29,5.77,light rain
192,Banyo,CM,6.75,11.8167,69.75,37,6,2.77,clear sky
193,Vawkavysk,BY,53.1561,24.4513,13.51,85,6,2.82,clear sky
194,Gobabis,NA,-22.45,18.9667,71.6,18,2,16.37,clear sky
195,Panalingaan,PH,8.7842,117.4231,76.19,83,50,3.15,scattered clouds
196,Asau,RO,46.4333,26.4,20.32,92,51,4.27,broken clouds
197,Port-Cartier,CA,50.0334,-66.8654,26.17,95,100,22.08,snow
198,Poum,NC,-20.2333,164.0167,81.16,74,6,10.13,clear sky
199,Berlevag,NO,70.8578,29.0864,21.15,63,75,10.36,light shower snow
200,Hobyo,SO,5.3505,48.5268,78.4,81,87,14.41,overcast clouds
201,Maldonado,UY,-34.6667,-54.9167,71.22,54,0,9.53,clear sky
202,Raudeberg,NO,61.9875,5.1352,35.2,96,71,1.01,light snow
203,Xining,CN,36.6167,101.7667,26.15,30,100,1.48,overcast clouds
204,Arlit,NE,18.7369,7.3853,65.05,14,68,8.05,broken clouds
205,Geraldton,AU,-28.7667,114.6,66.61,94,5,9.22,clear sky
206,Leningradskiy,RU,69.3833,178.4167,-18.18,99,100,7.65,overcast clouds
207,Aljezur,PT,37.3191,-8.8033,58.77,97,91,7.65,overcast clouds
208,Mezhdurechensk,RU,53.6942,88.0603,6.58,96,14,4.03,few clouds
209,Manokwari,ID,-0.8667,134.0833,78.13,82,100,7.78,moderate rain
210,Lagos,NG,6.5833,3.75,76.46,63,45,1.43,scattered clouds
211,Roebourne,AU,-20.7833,117.1333,87.66,15,0,8.19,clear sky
212,Kailua,US,21.4022,-157.7394,76.75,69,96,8.01,light rain
213,Dutlwe,BW,-23.9833,23.9,69.03,69,20,10.92,light rain
214,Mahibadhoo,MV,3.7833,72.9667,81.55,74,100,10.56,overcast clouds
215,Zhangjiakou,CN,40.81,114.8794,25.0,49,89,0.76,overcast clouds
216,Sorland,NO,67.667,12.6934,38.34,81,100,24.49,overcast clouds
217,Jacqueville,CI,5.2052,-4.4146,84.11,81,94,10.45,overcast clouds
218,Usinsk,RU,65.9939,57.5281,-5.57,99,99,3.85,overcast clouds
219,Shahe,CN,39.2708,113.5478,28.99,40,29,3.76,scattered clouds
220,Amazar,RU,53.858,120.875,-23.24,93,97,3.71,overcast clouds
221,Khatanga,RU,71.9667,102.5,-35.99,97,15,2.86,few clouds
222,Kirkel,DE,49.2833,7.2333,30.33,79,0,3.44,clear sky
223,Magistralnyy,RU,56.1725,107.4458,-35.72,100,72,1.54,broken clouds
224,Asfi,MA,32.2994,-9.2372,62.6,93,23,8.25,few clouds
225,Kayes,ML,14.0,-11.0,81.1,14,95,5.26,overcast clouds
226,Villahermosa,MX,17.9833,-92.9167,77.07,71,90,6.91,overcast clouds
227,Arman,RU,59.7,150.1667,-1.61,77,100,14.9,overcast clouds
228,Jeremie,HT,18.65,-74.1167,78.64,80,65,2.33,broken clouds
229,Satao,PT,40.7418,-7.7329,53.08,92,92,4.54,overcast clouds
230,Charagua,BO,-19.8,-63.2167,67.48,94,100,5.23,moderate rain
231,Ketchikan,US,55.3422,-131.6461,28.62,80,4,8.28,clear sky
232,Narrabri,AU,-30.3167,149.7833,73.53,87,60,3.0,light rain
233,Ormara,PK,25.2088,64.6357,74.19,76,1,8.88,clear sky
234,Krasnoselkup,RU,65.7,82.4667,8.47,89,100,24.87,overcast clouds
235,Chatra,IN,24.2167,84.8667,48.25,42,0,4.27,clear sky
236,Votkinsk,RU,57.0486,53.9872,-6.23,99,86,2.75,overcast clouds
237,Srednekolymsk,RU,67.45,153.6833,-25.28,99,100,7.14,overcast clouds
238,Lambare,PY,-25.3468,-57.6065,81.48,67,93,8.5,overcast clouds
239,Naryan-Mar,RU,67.6713,53.087,-26.7,98,28,2.66,scattered clouds
240,Iquique,CL,-20.2208,-70.1431,68.38,78,42,4.34,scattered clouds
241,Akyab,MM,20.15,92.9,61.52,77,0,7.43,clear sky
242,Martinsburg,US,39.4562,-77.9639,40.93,44,1,12.66,clear sky
243,Khandyga,RU,62.6667,135.6,-56.78,100,89,1.57,overcast clouds
244,Fayaoue,NC,-20.65,166.5333,80.13,76,29,12.68,scattered clouds
245,Cherskiy,RU,68.75,161.3,-33.43,100,100,3.53,overcast clouds
246,Sambava,MG,-14.2667,50.1667,77.11,92,41,3.76,light rain
247,Alyangula,AU,-13.8483,136.4192,84.69,68,80,10.2,broken clouds
248,Eureka,US,40.8021,-124.1637,58.93,75,100,8.01,light rain
249,Burnie,AU,-41.0667,145.9167,60.94,52,22,2.55,few clouds
250,Kitoy,RU,52.6,103.9,-28.32,99,12,1.54,few clouds
251,Wright,US,45.1833,-93.9502,28.81,71,1,4.0,clear sky
252,Oranjemund,NA,-28.55,16.4333,62.85,84,0,2.84,clear sky
253,Inhambane,MZ,-23.865,35.3833,76.64,76,90,11.5,overcast clouds
254,Antalaha,MG,-14.9003,50.2788,77.31,92,82,4.18,broken clouds
255,Kamaishi,JP,39.2667,141.8833,32.9,58,32,8.01,scattered clouds
256,Saldanha,ZA,-33.0117,17.9442,63.99,88,100,5.86,overcast clouds
257,Nalut,LY,30.3333,10.85,51.91,36,100,1.95,overcast clouds
258,Kalmunai,LK,7.4167,81.8167,75.54,76,35,6.71,scattered clouds
259,Vanimo,PG,-2.6741,141.3028,76.42,95,100,13.22,light rain
260,Naze,JP,28.3667,129.4833,63.52,66,100,13.71,overcast clouds
261,Molteno,ZA,-31.3968,26.3625,55.38,86,100,6.64,overcast clouds
262,Lubumbashi,CD,-11.6609,27.4794,62.58,98,100,1.92,light rain
263,Belmonte,BR,-15.8631,-38.8828,79.3,86,97,13.06,overcast clouds
264,Tomigusuku,JP,26.185,127.675,67.77,94,75,13.8,light rain
265,Hearst,CA,49.6835,-83.6665,-3.3,96,100,2.51,overcast clouds
266,Salinopolis,BR,-0.6136,-47.3561,81.97,79,80,14.18,broken clouds
267,Ancud,CL,-41.8697,-73.8203,63.68,72,10,5.26,clear sky
268,Camaqua,BR,-30.8511,-51.8122,70.54,66,0,8.55,clear sky
269,Saint-Francois,FR,46.4154,3.9054,31.68,97,90,3.44,fog
270,Vao,NC,-22.6667,167.4833,75.51,71,4,10.27,clear sky
271,Dokka,NO,60.84,10.0618,23.07,96,98,3.13,overcast clouds
272,Kachug,RU,53.9606,105.8817,-31.58,99,21,1.81,few clouds
273,Floro,NO,61.5996,5.0328,37.47,100,75,8.05,broken clouds
274,Tecoanapa,MX,16.5167,-98.75,84.07,63,2,10.07,clear sky
275,Iquitos,PE,-3.7481,-73.2472,78.78,94,100,3.29,overcast clouds
276,Awjilah,LY,29.1081,21.2869,56.12,42,100,3.09,overcast clouds
277,Gubkin,RU,51.2817,37.5458,7.41,94,97,9.01,overcast clouds
278,Ust-Kuyga,RU,70.0167,135.6,-26.81,98,100,5.7,overcast clouds
279,Severobaykalsk,RU,55.65,109.3167,-9.42,80,8,7.94,clear sky
280,Araouane,ML,18.9048,-3.5265,70.74,15,100,9.75,overcast clouds
281,Ginda,IN,30.6945,78.4932,40.24,34,4,6.51,clear sky
282,Moa,CU,20.6569,-74.9403,78.37,79,100,3.89,overcast clouds
283,Kirakira,SB,-10.4544,161.9205,84.16,77,48,6.91,scattered clouds
284,Tiarei,PF,-17.5333,-149.3333,87.82,76,95,13.71,light rain
285,Lindi,TZ,-10.0,39.7167,75.81,92,87,1.32,overcast clouds
286,Severnyy-Kospashskiy,RU,59.0925,57.8008,-1.39,80,100,3.71,overcast clouds
287,Anori,BR,-3.7728,-61.6442,76.55,96,100,2.66,heavy intensity rain
288,Caravelas,BR,-17.7125,-39.2481,77.38,87,50,13.22,heavy intensity rain
289,Desaguadero,PE,-16.5656,-69.0417,47.55,77,100,2.15,overcast clouds
290,Olinda,BR,-8.0089,-34.8553,82.13,78,40,6.91,scattered clouds
291,Tasiilaq,GL,65.6145,-37.6368,24.96,55,0,4.32,clear sky
292,Ferkessedougou,CI,9.6,-5.2,77.41,20,46,5.66,scattered clouds
293,Grindavik,IS,63.8424,-22.4338,30.67,86,20,6.91,few clouds
294,Esperance,AU,-33.8667,121.9,61.45,83,58,6.04,broken clouds
295,Roald,NO,62.5833,6.1333,36.34,93,75,1.14,broken clouds
296,Hit,IQ,33.6416,42.8251,58.19,48,100,4.09,overcast clouds
297,Provideniya,RU,64.3833,-173.3,6.91,78,90,33.55,snow
298,Nanortalik,GL,60.1432,-45.2371,36.95,77,100,11.21,overcast clouds
299,Ayan,RU,56.45,138.1667,-17.7,70,73,13.06,broken clouds
300,Sinnamary,GF,5.3833,-52.95,76.53,92,100,7.94,overcast clouds
301,Lisakovsk,KZ,52.5369,62.4936,5.77,92,93,6.35,overcast clouds
302,Kerema,PG,-7.9631,145.7785,80.53,82,98,2.37,overcast clouds
303,Palmer,US,42.1584,-72.3287,38.21,57,75,3.0,broken clouds
304,Picota,PE,-6.9197,-76.3304,84.69,60,72,4.21,broken clouds
305,Veseloyarsk,RU,51.2836,81.1056,25.21,77,68,15.59,broken clouds
306,Mackay,AU,-21.15,149.2,84.69,63,0,2.51,clear sky
307,Malinovskiy,RU,61.1953,62.8397,-4.0,95,100,5.57,overcast clouds
308,Noumea,NC,-22.2763,166.4572,84.18,99,2,9.66,clear sky
309,Ahipara,NZ,-35.1667,173.1667,69.12,71,100,12.12,overcast clouds
310,Ternate,ID,0.8,127.4,79.48,87,100,10.63,light rain
311,Acapulco,MX,16.8634,-99.8901,83.17,68,9,7.09,clear sky
312,Kushiro,JP,42.975,144.3747,23.95,86,40,3.44,scattered clouds
313,Faya,SA,18.3851,42.4509,54.12,87,16,3.56,few clouds
314,Qingquan,CN,30.4511,115.2559,47.32,60,0,2.46,clear sky
315,Gorele,TR,41.0308,39.0031,33.24,81,100,4.41,overcast clouds
316,Maarianhamina,AX,60.0973,19.9348,28.26,69,0,10.36,clear sky
317,Ostrovnoy,RU,68.0531,39.5131,19.71,94,100,6.82,light snow
318,Camacupa,AO,-12.0167,17.4833,62.17,91,98,2.35,overcast clouds
319,Nishihara,JP,26.1842,127.7558,67.28,97,90,11.5,light intensity shower rain
320,Crowley,US,30.2141,-92.3746,68.18,41,0,0.65,clear sky
321,Komsomolskiy,UZ,40.4272,71.7189,38.62,69,43,6.91,mist
322,Takab,IR,36.4009,47.1133,27.77,91,85,12.77,overcast clouds
323,Minna,NG,9.6139,6.5569,80.24,22,5,9.17,clear sky
324,Nouadhibou,MR,20.931,-17.0347,66.4,76,0,13.73,clear sky
325,Lovozero,RU,68.005,35.0117,16.0,92,100,9.82,light snow
326,Salo,IT,45.6086,10.531,41.5,80,73,3.78,broken clouds
327,Port-Gentil,GA,-0.7193,8.7815,81.68,80,54,8.97,broken clouds
328,Petropavlovsk-Kamchatskiy,RU,53.0452,158.6483,1.99,78,75,6.71,broken clouds
329,Kaitangata,NZ,-46.2817,169.8464,64.92,38,4,11.68,clear sky
330,Ayagoz,KZ,47.9714,80.4392,10.63,88,30,2.91,scattered clouds
331,Mackenzie,CA,55.2999,-123.1698,14.81,90,100,5.26,overcast clouds
332,Nushki,PK,29.5542,66.0215,60.58,35,100,7.38,overcast clouds
333,Rorvik,NO,64.8621,11.2373,28.51,19,75,3.44,broken clouds
334,Cananeia,BR,-25.0147,-47.9267,75.72,87,98,9.26,moderate rain
335,Urumqi,CN,43.801,87.6005,18.55,79,75,2.24,mist
336,Ankazobe,MG,-18.3167,47.1167,66.61,82,87,4.34,overcast clouds
337,Ossora,RU,59.2353,163.0719,6.42,81,100,4.79,overcast clouds
338,Havelock,US,34.8791,-76.9013,53.58,70,1,1.99,clear sky
339,Hambantota,LK,6.1241,81.1185,75.54,100,74,2.3,broken clouds
340,Vitim,RU,59.4511,112.5578,-24.79,97,100,3.24,overcast clouds
341,Luau,AO,-10.7073,22.2247,64.15,96,100,3.49,overcast clouds
342,Huntington,US,38.4193,-82.4452,38.73,46,1,9.22,clear sky
343,Brewster,US,41.3973,-73.6171,41.79,61,1,5.01,clear sky
344,Tateyama,JP,34.9833,139.8667,44.1,51,99,19.04,overcast clouds
345,Harlingen,US,26.1906,-97.6961,78.35,53,1,12.66,clear sky
346,Bubaque,GW,11.2833,-15.8333,81.45,62,75,10.33,broken clouds
347,Namibe,AO,-15.1961,12.1522,68.76,76,25,11.21,scattered clouds
348,Hami,CN,42.8,93.45,26.64,50,3,3.29,clear sky
349,Palu,ID,-0.8917,119.8707,74.12,95,83,2.06,broken clouds
350,Sovetskiy,RU,61.3614,63.5842,-0.53,94,100,5.66,overcast clouds
351,Nyanza,RW,-2.3519,29.7509,62.58,94,100,3.27,overcast clouds
352,Broome,US,42.2506,-75.833,31.46,66,90,5.99,overcast clouds
353,Dombarovskiy,RU,50.7587,59.5386,13.08,88,100,6.44,overcast clouds
354,Qaqortoq,GL,60.7167,-46.0333,45.1,43,100,24.47,overcast clouds
355,Pochutla,MX,15.7432,-96.4661,84.02,66,38,5.28,scattered clouds
356,Akdepe,TM,42.0551,59.3788,41.09,80,75,14.81,broken clouds
357,Ust-Maya,RU,60.4167,134.5333,-43.11,97,100,2.42,overcast clouds
358,Camacha,PT,33.0833,-16.3333,64.53,88,20,8.05,few clouds
359,Loubomo,CG,-4.1997,12.6739,73.51,94,100,3.51,light rain
360,Antofagasta,CL,-23.65,-70.4,69.08,76,100,3.22,overcast clouds
361,Bilibino,RU,68.0546,166.4372,-31.43,100,100,3.29,overcast clouds
362,Paita,PE,-5.0892,-81.1144,75.76,79,99,12.21,overcast clouds
363,Kutum,SD,14.2,24.6667,59.45,19,7,8.59,clear sky
364,Mittagong,AU,-34.45,150.45,63.63,98,100,3.51,light rain
365,Price,US,39.5994,-110.8107,41.72,48,1,4.61,clear sky
366,Zonguldak,TR,41.25,31.8333,21.45,94,100,3.76,light snow
367,Ust-Tsilma,RU,65.441,52.1498,-10.1,100,87,1.88,overcast clouds
368,Pangnirtung,CA,66.1451,-65.7125,1.44,90,100,5.99,overcast clouds
369,Mecca,SA,21.4267,39.8261,68.92,57,0,5.17,clear sky
370,Bradford,GB,53.7939,-1.7521,41.63,88,75,5.75,mist
371,Vardo,NO,70.3705,31.1107,21.18,93,90,18.41,snow
372,Kosa,RU,59.9445,54.9977,-11.4,99,87,4.52,overcast clouds
373,Kuppam,IN,12.75,78.3667,59.7,87,8,1.32,clear sky
374,Rosarito,MX,32.3333,-117.0333,72.41,57,100,8.19,overcast clouds
375,Saint-Georges,GD,12.0564,-61.7485,79.59,77,71,17.78,broken clouds
376,Gazojak,TM,41.1875,61.4036,43.88,77,33,15.48,scattered clouds
377,Along,IN,28.1667,94.7667,45.93,63,2,1.92,clear sky
378,Prado,BR,-17.3411,-39.2208,77.43,89,75,14.65,moderate rain
379,Kimbe,PG,-5.5502,150.1429,80.85,84,88,1.79,overcast clouds
380,Lumeje,AO,-11.55,20.7833,64.44,91,100,3.33,overcast clouds
381,Ganserndorf,AT,48.3392,16.7202,29.89,86,26,6.51,scattered clouds
382,Yenagoa,NG,4.9247,6.2642,77.63,72,37,4.34,scattered clouds
383,Frederikshavn,DK,57.4407,10.5366,35.55,94,100,5.17,overcast clouds
384,Baykit,RU,61.67,96.37,-24.02,100,36,1.86,scattered clouds
385,Russell,US,32.3502,-85.1999,57.11,41,1,12.66,clear sky
386,Kedrovyy,RU,56.1667,91.8167,-21.59,96,30,7.96,scattered clouds
387,Beyla,GN,8.6833,-8.6333,70.88,29,36,2.93,scattered clouds
388,Motala,SE,58.5371,15.0365,28.18,90,93,6.62,overcast clouds
389,Verkhoyansk,RU,67.5447,133.385,-34.8,98,99,1.66,overcast clouds
390,Tazovskiy,RU,67.4667,78.7,12.94,90,100,22.93,light snow
391,Ocara,BR,-4.4908,-38.5967,79.07,74,57,8.66,broken clouds
392,Smithers,CA,54.7804,-127.1743,21.25,86,100,2.08,overcast clouds
393,Mandalgovi,MN,45.7625,106.2708,3.99,60,2,9.48,clear sky
394,Dunedin,NZ,-45.8742,170.5036,63.81,66,11,1.99,few clouds
395,Angoche,MZ,-16.2325,39.9086,80.17,76,23,7.56,few clouds
396,Lisala,CD,2.15,21.5167,75.65,47,100,2.84,overcast clouds
397,Bandarbeyla,SO,9.4942,50.8122,76.96,72,87,17.18,overcast clouds
398,Yerbogachen,RU,61.2767,108.0108,-35.95,100,42,3.49,scattered clouds
399,Waipawa,NZ,-41.4122,175.5153,67.3,51,67,10.85,light rain
400,Bougouni,ML,11.417,-7.479,74.93,15,96,5.86,overcast clouds
401,Lahore,PK,31.5497,74.3436,51.78,71,40,3.44,smoke
402,Marystown,CA,47.1666,-55.1483,32.86,100,100,1.99,overcast clouds
403,Ushtobe,KZ,45.2514,77.9838,40.01,49,100,4.83,light rain
404,Isiro,CD,2.7739,27.616,72.79,55,100,1.97,overcast clouds
405,Codrington,AU,-38.2667,141.9667,58.01,65,100,3.78,overcast clouds
406,Zhezkazgan,KZ,47.8043,67.7144,31.87,97,100,3.22,overcast clouds
407,Lahij,YE,13.1667,44.5833,69.3,83,7,3.76,clear sky
408,Namatanai,PG,-3.6667,152.4333,83.5,74,99,5.37,overcast clouds
409,Juruti,BR,-2.1522,-56.0922,83.86,63,100,2.55,overcast clouds
410,Svetlyy,RU,54.675,20.1347,26.65,92,93,9.75,light snow
411,Liepaja,LV,56.5419,21.0367,21.25,92,20,4.61,few clouds
412,Eyrarbakki,IS,63.863,-21.1481,29.01,76,19,11.97,few clouds
413,Sohag,EG,26.557,31.6948,51.96,64,4,7.47,clear sky
414,Providencia,MX,28.7167,-111.5833,86.05,40,99,6.62,overcast clouds
415,Dunda,TZ,-8.1167,34.25,70.52,56,92,0.65,overcast clouds
416,Saryozek,KZ,44.3583,77.9753,37.45,46,100,2.98,overcast clouds
417,Shingu,JP,33.7333,135.9833,38.91,76,0,5.35,clear sky
418,Miyako,JP,39.6367,141.9525,31.19,60,28,4.18,scattered clouds
419,Balotra,IN,25.8333,72.2333,64.04,65,4,7.49,clear sky
420,Stryn,NO,61.9045,6.7226,36.32,94,100,4.32,overcast clouds
421,Sterling,US,39.0062,-77.4286,43.93,42,20,4.0,few clouds
422,Douglas,US,41.3,-96.167,53.74,37,1,3.0,clear sky
423,Pericos,MX,25.05,-107.7,88.38,13,21,6.93,few clouds
424,Calvinia,ZA,-31.4707,19.776,60.87,80,100,5.26,overcast clouds
425,Tezu,IN,27.9167,96.1667,53.82,74,8,4.41,clear sky
426,Tucuman,AR,-26.8241,-65.2226,69.8,94,90,6.91,mist
427,Ulladulla,AU,-35.35,150.4667,67.77,92,100,2.93,overcast clouds
428,Nouakchott,MR,18.0858,-15.9785,71.53,32,0,10.0,clear sky
429,Ngaoundere,CM,7.3167,13.5833,67.42,30,0,4.56,clear sky
430,Mikhaylovka,RU,50.06,43.2379,-1.21,96,78,8.28,broken clouds
431,Bermejo,AR,-32.8833,-68.8,88.54,23,3,1.43,clear sky
432,Berkovica,BA,44.6156,18.4294,26.91,75,5,3.22,clear sky
433,Khandbari,NP,27.3747,87.2039,48.36,59,30,3.53,scattered clouds
434,Codigoro,IT,44.8311,12.1142,41.29,83,100,6.58,overcast clouds
435,Valparaiso,CL,-33.0393,-71.6273,66.47,69,0,8.05,clear sky
436,Aykhal,RU,66.0,111.5,-18.85,100,26,3.94,scattered clouds
437,Teahupoo,PF,-17.8333,-149.2667,82.36,77,81,14.0,light rain
438,Kuandian,CN,40.7286,124.7847,17.56,66,83,4.25,broken clouds
439,Assiniboia,CA,49.6334,-105.9845,26.92,97,100,5.08,snow
440,Turukhansk,RU,65.8167,87.9833,7.2,72,100,18.14,overcast clouds
441,Korla,CN,41.7597,86.1469,22.91,73,7,8.1,clear sky
442,Lopatino,RU,52.6195,45.8118,1.54,95,99,8.97,overcast clouds
443,Sivaki,RU,52.6333,126.75,-25.17,87,29,7.25,scattered clouds
444,Yichun,CN,47.7,128.9,-21.98,98,16,1.99,few clouds
445,Marquette,US,46.5333,-87.6335,15.82,67,91,4.63,overcast clouds
446,Timra,SE,62.487,17.3257,15.67,86,40,2.3,scattered clouds
447,Yumen,CN,40.2833,97.2,24.42,37,5,6.29,clear sky
448,Mahuva,IN,21.0914,71.7622,67.24,60,37,9.33,scattered clouds
449,Southbridge,US,42.0751,-72.0334,39.25,65,14,8.99,few clouds
450,Karla,EE,59.3723,24.9275,20.05,81,40,8.05,scattered clouds
451,Hohhot,CN,40.8106,111.6522,23.94,49,91,3.51,overcast clouds
452,Olean,US,42.0776,-78.4297,26.1,86,90,6.91,light snow
453,Jalingo,NG,8.8833,11.3667,77.05,26,5,4.23,clear sky
454,Bonnyville,CA,54.2668,-110.735,6.53,95,100,10.38,light snow
455,Oparino,RU,59.8518,48.2783,-14.62,100,94,3.69,overcast clouds
456,Kamennomostskiy,RU,44.2983,40.1856,17.2,96,95,3.04,light snow
457,Rawson,AR,-43.3002,-65.1023,66.47,62,2,17.69,clear sky
458,Yanam,IN,16.7333,82.2167,63.16,90,0,1.9,heavy intensity rain
459,Shitkino,RU,56.3703,98.3543,-15.68,89,4,5.66,clear sky
460,Mareeba,AU,-17.0,145.4333,79.52,82,23,1.52,few clouds
461,Mao,ES,39.8885,4.2658,54.16,94,90,4.61,overcast clouds
462,Olafsvik,IS,64.8945,-23.7142,33.76,74,28,13.13,scattered clouds
463,Maicao,CO,11.3832,-72.2432,83.07,67,100,5.37,overcast clouds
464,Westport,US,41.1415,-73.3579,44.01,57,1,4.0,clear sky
465,Baie-Comeau,CA,49.2168,-68.1489,19.4,95,100,11.9,snow
466,Pampa,US,35.5362,-100.9599,65.57,29,1,12.66,clear sky
467,Varkaus,FI,62.3153,27.873,7.3,94,100,8.66,light snow
468,Yabrud,SY,33.9674,36.6574,31.66,81,39,1.88,scattered clouds
469,Cairns,AU,-16.9167,145.7667,84.15,73,28,8.05,scattered clouds
470,Galle,LK,6.0367,80.217,76.57,84,90,1.21,overcast clouds
471,Lompoc,US,34.6391,-120.4579,64.78,70,90,0.0,light rain
472,Gat,IL,31.61,34.7642,56.39,100,99,8.16,overcast clouds
473,Tuatapere,NZ,-46.1333,167.6833,58.82,52,26,11.7,scattered clouds
474,Ferrol,ES,43.4832,-8.2369,60.67,70,97,13.94,overcast clouds
475,Hamina,FI,60.5697,27.1979,12.99,87,70,12.97,light snow
476,Mattru,SL,7.6244,-11.8332,73.96,76,54,1.12,broken clouds
477,Jurado,CO,7.1053,-77.7641,78.64,88,87,3.53,light rain
478,Iralaya,HN,15.0,-83.2333,76.24,85,85,15.59,overcast clouds
479,Kaeo,NZ,-35.1,173.7833,73.45,54,100,7.76,overcast clouds
480,Chicama,PE,-7.8447,-79.1469,64.94,68,71,9.24,broken clouds
481,Huaiyuan,CN,32.973,117.1995,42.67,60,0,5.86,clear sky
482,Portel,BR,-1.9356,-50.8211,81.61,71,99,4.94,overcast clouds
483,Clayton,US,33.5335,-84.3666,52.27,41,1,1.01,clear sky
484,Naliya,IN,23.2667,68.8333,68.25,90,36,6.24,scattered clouds
485,Liverpool,GB,53.4106,-2.9779,42.69,96,75,5.99,broken clouds
486,Fare,PF,-16.7,-151.0167,81.99,71,37,12.59,scattered clouds
487,Vestmannaeyjar,IS,63.4427,-20.2734,35.08,68,13,15.52,few clouds
488,Alugan,PH,12.2188,125.4808,79.74,71,100,8.5,overcast clouds
489,Constitucion,CL,-35.3333,-72.4167,63.54,71,17,5.93,few clouds
490,Mogadishu,SO,2.0371,45.3438,79.05,84,65,15.57,broken clouds
491,Jieshi,CN,22.8134,115.8257,63.95,72,100,14.58,overcast clouds
492,Methoni,GR,36.8197,21.7049,53.22,61,80,5.08,broken clouds
493,Taiyuan,CN,37.8694,112.5603,24.66,63,0,4.47,clear sky
494,Tangwani,PK,28.2787,68.9972,51.73,17,9,8.61,clear sky
495,Dali,CN,25.7,100.1833,39.54,89,53,2.95,broken clouds
496,Ahuimanu,US,21.4447,-157.8378,82.11,64,90,5.99,light rain
497,Beloha,MG,-25.1667,45.05,72.3,83,100,3.49,overcast clouds
498,Lesnikovo,RU,55.2822,65.3175,6.87,94,49,7.11,scattered clouds
499,Berbera,SO,10.4396,45.0143,75.13,75,30,4.27,scattered clouds
500,Yanji,CN,42.9075,129.5078,4.77,75,76,1.99,broken clouds
501,Nexo,DK,55.0607,15.1306,35.69,85,100,15.21,overcast clouds
502,Aksarka,RU,66.5606,67.7975,10.85,97,100,4.36,overcast clouds
503,Itaguai,BR,-22.8522,-43.7753,84.58,93,57,3.38,moderate rain
504,Jumla,NP,29.2747,82.1838,32.59,54,2,3.11,clear sky
505,Bitung,ID,1.4451,125.1824,76.05,88,100,10.22,light rain
506,Solnechnyy,RU,50.7214,136.6319,-15.97,99,95,1.9,overcast clouds
507,Muli,MV,2.9167,73.5667,81.84,72,99,11.05,overcast clouds
508,Hofu,JP,34.05,131.5667,42.67,79,1,4.52,clear sky
509,Minot,US,48.2325,-101.2963,23.99,68,75,4.61,broken clouds
510,Carlsbad,US,33.1581,-117.3506,73.44,57,1,3.0,haze
511,Spas-Demensk,RU,54.4122,34.0226,6.03,93,100,6.96,overcast clouds
512,Buala,SB,-8.145,159.5921,80.98,85,92,8.19,moderate rain
513,Jalu,LY,29.0331,21.5482,56.35,41,100,2.73,overcast clouds
514,Mulchen,CL,-37.7167,-72.2333,91.26,8,0,5.68,clear sky
515,Labuhan,ID,-6.8844,112.2051,78.46,85,99,6.29,light rain
516,Guilin,CN,25.2819,110.2864,50.5,72,6,2.26,clear sky
517,Zwedru,LR,6.0667,-8.1281,75.27,38,15,3.18,few clouds
518,Edgewater,US,28.9889,-80.9023,64.78,48,1,10.36,clear sky
519,Roblin,CA,51.23,-101.3565,3.83,96,99,5.01,overcast clouds
520,Talcahuano,CL,-36.7167,-73.1167,58.68,77,40,14.97,scattered clouds
521,Annau,TM,37.8876,58.516,42.3,75,0,2.3,clear sky
522,Markova,UA,48.6758,24.4138,10.09,90,94,5.68,overcast clouds
523,Myitkyina,MM,25.3833,97.4,52.7,86,61,2.48,broken clouds
524,Arcata,US,40.8665,-124.0828,58.17,76,90,5.01,light rain
525,Husavik,IS,66.0449,-17.3389,23.88,87,63,10.98,broken clouds
526,Sobolevo,RU,54.4299,31.8996,8.31,96,98,7.63,overcast clouds
527,Cururupu,BR,-1.8283,-44.8683,79.92,81,62,6.08,broken clouds
528,Laguna,US,38.421,-121.4238,59.65,84,90,1.01,haze
529,Constantine,DZ,36.365,6.6147,50.54,77,82,0.94,broken clouds
530,Boralday,KZ,43.3578,76.8594,33.66,80,75,4.47,mist
531,Chadiza,ZM,-14.0678,32.4392,66.0,94,100,2.01,overcast clouds
532,Isabela,PH,6.7085,121.9711,76.37,83,100,2.77,overcast clouds
533,Barda,AZ,40.3744,47.1267,39.33,39,4,13.27,clear sky
534,Ulaangom,MN,49.9811,92.0667,-3.42,86,99,3.87,overcast clouds
535,Tongliao,CN,43.6125,122.2653,-1.37,91,99,3.2,overcast clouds
536,Muswellbrook,AU,-32.2667,150.9,75.24,87,100,5.73,overcast clouds
537,Erbaa,TR,40.6689,36.5675,29.19,85,100,0.63,overcast clouds
538,Nadym,RU,65.5333,72.5167,24.82,96,100,21.23,light snow
539,Kamensk-Uralskiy,RU,56.4185,61.9329,0.05,94,8,6.11,clear sky
540,Karatau,KZ,43.1667,70.4667,41.0,84,19,5.48,few clouds
541,Jatara,IN,25.0167,79.05,55.04,43,0,2.24,clear sky
542,Rimbey,CA,52.6334,-114.2353,17.62,96,100,2.8,overcast clouds
543,College,US,64.8569,-147.8028,-6.14,76,75,0.0,broken clouds
544,Lucapa,AO,-8.4192,20.7447,65.77,96,100,1.92,overcast clouds
545,Adilcevaz,TR,38.8039,42.7342,19.11,68,66,5.12,broken clouds
546,Kodino,RU,63.7198,39.6447,17.29,91,100,9.28,overcast clouds
547,Grand-Santi,GF,4.25,-54.3833,73.26,99,100,2.55,overcast clouds
548,Bondo,CD,3.8146,23.6866,74.97,45,100,2.46,overcast clouds
549,Fallon,US,39.4735,-118.7774,47.91,49,40,0.0,scattered clouds
550,Muros,ES,42.7762,-9.0603,60.85,93,100,24.16,overcast clouds
551,Martapura,ID,-3.4167,114.85,73.49,94,90,13.8,overcast clouds
552,Nome,US,64.5011,-165.4064,16.16,86,90,24.16,snow
553,Mehran,IR,33.1222,46.1646,49.48,54,1,2.53,clear sky
554,Marawi,PH,7.9986,124.2928,63.64,95,100,1.5,overcast clouds
555,Touros,BR,-5.1989,-35.4608,83.3,77,72,13.42,broken clouds
556,Mersing,MY,2.4312,103.8405,76.46,91,98,2.17,light rain
557,Guerrero,MX,17.6667,-100.0,79.61,44,5,3.49,clear sky
558,Pechora,RU,65.1472,57.2244,-4.77,100,97,2.3,overcast clouds
559,Aswan,EG,24.0934,32.907,53.62,49,5,10.49,clear sky
560,Saint-Augustin,CA,51.226,-58.6502,11.71,80,85,5.41,overcast clouds
561,Tupik,RU,54.4253,119.9327,-24.39,96,99,2.86,overcast clouds
562,Nargana,PA,9.4428,-78.5906,81.01,78,96,9.86,overcast clouds
563,Guiren,CN,33.6697,118.1889,41.67,85,0,6.15,clear sky
564,Horn,DE,51.8715,8.9451,29.98,87,100,6.02,overcast clouds
565,Qianan,CN,44.9932,124.0581,-17.95,100,18,2.71,few clouds
566,Pennsville,US,39.6535,-75.5166,43.25,47,1,8.99,clear sky
567,Taoudenni,ML,22.6783,-3.9836,71.58,25,100,10.38,overcast clouds
568,Innisfail,AU,-17.5333,146.0333,83.88,67,83,1.7,broken clouds
569,Tsurib,RU,42.2368,46.8307,8.4,80,23,9.64,few clouds
570,Flinders,AU,-34.5833,150.8552,73.2,92,100,6.89,light rain
571,Dabakala,CI,8.3667,-4.4333,78.84,22,7,4.27,clear sky
572,Bathsheba,BB,13.2167,-59.5167,81.21,69,40,24.16,scattered clouds
573,Somoto,NI,13.4808,-86.5821,85.62,71,82,4.88,broken clouds
574,Pingliang,CN,35.5392,106.6861,34.05,45,100,4.18,overcast clouds
